{
  "project_info": {
    "project_number": "87413478540",
    "project_id": "food-29593",
    "storage_bucket": "food-29593.appspot.com"
  },
  "client": [
    {
      "client_info": {
        "mobilesdk_app_id": "1:87413478540:android:4b1121b9c77454965617a9",
        "android_client_info": {
          "package_name": "com.example.food"
        }
      },
      "oauth_client": [
        {
          "client_id": "87413478540-s1sp6pli84tvlmpm02954ahbgn6t3gfk.apps.googleusercontent.com",
          "client_type": 3
        }
      ],
      "api_key": [
        {
          "current_key": "AIzaSyAQmkIn_wGevacNPUxT3f4iWC4_1b7vS0g"
        }
      ],
      "services": {
        "appinvite_service": {
          "other_platform_oauth_client": [
            {
              "client_id": "87413478540-s1sp6pli84tvlmpm02954ahbgn6t3gfk.apps.googleusercontent.com",
              "client_type": 3
            }
          ]
        }
      }
    }
  ],
  "configuration_version": "1"
}